scale,n_cells_raw,n_cells_filtered,recall_cell_raw,recall_cell_filt,iou_cell_raw,iou_cell_filt,cv
6,2413,1700,0.44972067039106145,0.4441340782122905,0.45944861202801557,0.45944861202801557,0.4769
8,1680,1171,0.3170391061452514,0.31354748603351956,0.4437250470910566,0.44439243702885395,0.4769
10,1250,869,0.1941340782122905,0.19134078212290503,0.4438527316389656,0.4438527316389656,0.4769
12,1039,694,0.14804469273743018,0.14315642458100558,0.4419574381461444,0.4419574381461444,0.4769
15,776,495,0.09776536312849161,0.09636871508379888,0.4455967506892708,0.4455967506892708,0.4769
